product_id,seller_product_id,product_name,product_url,category_id,category_url,lv1_name,lv2_name,lv3_name,product_review_count,product_rating_average,comment_page,comment_position,comment_id,customer_id,customer_name,customer_full_name,customer_region,customer_avatar_url,rating,title,content,thank_count,score,status,is_photo,seller_id,seller_name,created_at,created_at_text,purchased_at
278628866,278630786,Apple iPhone 17 Pro Max,https://tiki.vn/apple-iphone-17-pro-max-p278628866.html?spid=278630786,search,,Search: Iphone,,,63,5.0,1,1,20172079,11560727,Vũ Ngọc Nam,Vũ Ngọc Nam,,https://salt.tikicdn.com/cache/256x256/ts/avatar/bb/be/31/dad2857b1b6ce518e0e339e011c1944f.png,5,Cực kì hài lòng,TỐP NHẬN HÀNG ĐẦU TIÊN 😍. NGỌC NAM ❤️ Shop đăng 37.990k mà bán tận 39.990k. Bịp lắm nha. Hehe. AE săn sale qua mình nhé. Mình là Ngọc Nam 🤗🤗🤗,2,0.03652301,approved,True,1,Tiki Trading,,2025-09-19 12:43:04,
278628866,278630786,Apple iPhone 17 Pro Max,https://tiki.vn/apple-iphone-17-pro-max-p278628866.html?spid=278630786,search,,Search: Iphone,,,63,5.0,1,2,20177311,8670499,Luân Nghiêm,Luân Nghiêm,,https://s120.avatar.talk.zdn.vn/6/4/c/8/12/120/e9cfbf74344cb1fc5bd78c856d79e5d6.jpg,5,Cực kì hài lòng,Giao hàng nhanh Đóng gói cẩn thận Hàng nguyên seal 😛😛😛 Nhìn chung là good 1 thắc mắc là giá trên sàn cao hơn giá hãng công bố,0,50.0,approved,True,1,Tiki Trading,,2025-10-04 14:33:43,
278628866,278630786,Apple iPhone 17 Pro Max,https://tiki.vn/apple-iphone-17-pro-max-p278628866.html?spid=278630786,search,,Search: Iphone,,,63,5.0,1,3,20223857,11560727,Vũ Ngọc Nam,Vũ Ngọc Nam,,https://salt.tikicdn.com/cache/256x256/ts/avatar/bb/be/31/dad2857b1b6ce518e0e339e011c1944f.png,5,Cực kì hài lòng,Săn sale nó phải như này. AE qua nhóm mình săn sale mình trả công cao nhé. 500k 1 đơn 😍😍😍,2,0.1001001,approved,True,1,Tiki Trading,,2026-04-04 08:38:50,
278628866,278630786,Apple iPhone 17 Pro Max,https://tiki.vn/apple-iphone-17-pro-max-p278628866.html?spid=278630786,search,,Search: Iphone,,,63,5.0,1,4,20223858,11560727,Vũ Ngọc Nam,Vũ Ngọc Nam,,https://salt.tikicdn.com/cache/256x256/ts/avatar/bb/be/31/dad2857b1b6ce518e0e339e011c1944f.png,5,Cực kì hài lòng,Săn sale nó phải như này. AE qua nhóm mình săn sale mình trả công cao nhé. 500k 1 đơn 😍😍😍,1,49.72222222,approved,True,1,Tiki Trading,,2026-04-04 08:39:14,
278628866,278630786,Apple iPhone 17 Pro Max,https://tiki.vn/apple-iphone-17-pro-max-p278628866.html?spid=278630786,search,,Search: Iphone,,,63,5.0,1,5,20223856,11560727,Vũ Ngọc Nam,Vũ Ngọc Nam,,https://salt.tikicdn.com/cache/256x256/ts/avatar/bb/be/31/dad2857b1b6ce518e0e339e011c1944f.png,5,Cực kì hài lòng,Săn sale nó phải như này. AE qua nhóm mình săn sale mình trả công cao nhé. 500k 1 đơn 😍😍😍,0,50.0,approved,True,1,Tiki Trading,,2026-04-04 08:38:10,
278628866,278630786,Apple iPhone 17 Pro Max,https://tiki.vn/apple-iphone-17-pro-max-p278628866.html?spid=278630786,search,,Search: Iphone,,,63,5.0,1,6,20183702,21437268,HIẾU NGUYỄN,HIẾU NGUYỄN,,//tiki.vn/assets/img/avatar.png,5,Cực kì hài lòng,Chủng bị hàng nhanh. Đóng gói kỹ. Gja0 đầy đủ. Sản Phẩm Đúng Mô Tả. HÀI LÒNG. Lần sau sẽ quay lại ủng hộ sốp nữa ạ.,0,38.88888889,approved,True,1,Tiki Trading,,2025-10-21 17:50:52,
278628866,278630786,Apple iPhone 17 Pro Max,https://tiki.vn/apple-iphone-17-pro-max-p278628866.html?spid=278630786,search,,Search: Iphone,,,63,5.0,1,7,20191857,30546029,TRẦN NGỌC KIÊN,TRẦN NGỌC KIÊN,,https://salt.tikicdn.com/cache/512x512/ts/avatar/0d/6c/d4/38a37aa5ed28d58a493940ed9d9c9f8f.png,5,Cực kì hài lòng,sản phẩm trên cả tuyệt vời,0,44.44444444,approved,True,1,Tiki Trading,,2025-11-19 15:39:55,
278628866,278630786,Apple iPhone 17 Pro Max,https://tiki.vn/apple-iphone-17-pro-max-p278628866.html?spid=278630786,search,,Search: Iphone,,,63,5.0,1,8,20192687,30495492,trai pho,trai pho,,https://salt.tikicdn.com/cache/512x512/ts/avatar/64/87/e4/f590b3360ba29544f2c962b83b079500.png,5,Cực kì hài lòng,hàng chất lượng rất tốt,0,44.44444444,approved,True,1,Tiki Trading,,2025-11-23 01:13:22,
278628866,278630786,Apple iPhone 17 Pro Max,https://tiki.vn/apple-iphone-17-pro-max-p278628866.html?spid=278630786,search,,Search: Iphone,,,63,5.0,1,9,20187619,28931787,Ha le,Ha le,,//tiki.vn/assets/img/avatar.png,5,Cực kì hài lòng,Giao hàng nhanh và chuẩn hàng mới chính hãng,0,33.33333333,approved,True,1,Tiki Trading,,2025-11-04 16:36:14,
278628866,278630786,Apple iPhone 17 Pro Max,https://tiki.vn/apple-iphone-17-pro-max-p278628866.html?spid=278630786,search,,Search: Iphone,,,63,5.0,1,12,20176934,5347261,Nguyễn Ngọc Tú,Nguyễn Ngọc Tú,,//tiki.vn/assets/img/avatar.png,5,Cực kì hài lòng,"ok, rất ok , tuyệt vời, rất tuyệt vời",0,33.33333333,approved,True,1,Tiki Trading,,2025-10-03 11:42:46,
278628866,278630786,Apple iPhone 17 Pro Max,https://tiki.vn/apple-iphone-17-pro-max-p278628866.html?spid=278630786,search,,Search: Iphone,,,63,5.0,1,13,20175498,5347261,Nguyễn Ngọc Tú,Nguyễn Ngọc Tú,,//tiki.vn/assets/img/avatar.png,5,Cực kì hài lòng,"ok, rất ok , tuyệt vời, rất tuyệt vời",0,0.62305296,approved,True,1,Tiki Trading,,2025-09-29 02:55:28,
278628866,278630786,Apple iPhone 17 Pro Max,https://tiki.vn/apple-iphone-17-pro-max-p278628866.html?spid=278630786,search,,Search: Iphone,,,63,5.0,1,14,20175499,5347261,Nguyễn Ngọc Tú,Nguyễn Ngọc Tú,,//tiki.vn/assets/img/avatar.png,5,Cực kì hài lòng,"ok, rất ok , tuyệt vời, rất tuyệt vời",0,0.62305296,approved,True,1,Tiki Trading,,2025-09-29 02:55:33,
278628866,278630786,Apple iPhone 17 Pro Max,https://tiki.vn/apple-iphone-17-pro-max-p278628866.html?spid=278630786,search,,Search: Iphone,,,63,5.0,1,15,20183892,8324898,Steve Gate,Steve Gate,,https://s120.avatar.talk.zdn.vn/0/9/b/f/27/120/14dbdb01acc0f49c0c219bc69b00ade7.jpg,5,Cực kì hài lòng,"Xịn, shop giao nhanh, hàng newseal",0,33.33333333,approved,True,1,Tiki Trading,,2025-10-22 13:12:53,
278628866,278630786,Apple iPhone 17 Pro Max,https://tiki.vn/apple-iphone-17-pro-max-p278628866.html?spid=278630786,search,,Search: Iphone,,,63,5.0,1,17,20191451,439058,Vũ Kim Thoa,Vũ Kim Thoa,,https://salt.tikicdn.com/cache/512x512/ts/avatar/c5/c6/d3/1fe4b21ddbca27ce352e6565d1b24507.png,5,Cực kì hài lòng,Đẹp,0,33.33333333,approved,True,1,Tiki Trading,,2025-11-17 21:03:10,
278628866,278630786,Apple iPhone 17 Pro Max,https://tiki.vn/apple-iphone-17-pro-max-p278628866.html?spid=278630786,search,,Search: Iphone,,,63,5.0,1,18,20187400,7932660,Thu Trang,Thu Trang,,//tiki.vn/assets/img/avatar.png,5,Cực kì hài lòng,Giao hàng nhanh nhưng hộp đựng hơi bẩn nha,0,27.77777778,approved,False,1,Tiki Trading,,2025-11-03 18:30:13,
278628812,278630769,Apple iPhone 17 Pro,https://tiki.vn/apple-iphone-17-pro-p278628812.html?spid=278630769,search,,Search: Iphone,,,26,5.0,1,1,20190530,15996272,Nguyen Tu Tri,Nguyen Tu Tri,,//tiki.vn/assets/img/avatar.png,5,Cực kì hài lòng,"Giao hàng đúng như thời gian để xuất, hàng đóng gói cẩn thận, hàng đúng như mô tả, nhìn sản phẩm đúng cũng hãng nha, giá cả trả góp cũng tốt",0,38.88888889,approved,True,1,Tiki Trading,,2025-11-14 13:03:30,
278628812,278630769,Apple iPhone 17 Pro,https://tiki.vn/apple-iphone-17-pro-p278628812.html?spid=278630769,search,,Search: Iphone,,,26,5.0,1,2,20194119,30546029,TRẦN NGỌC KIÊN,TRẦN NGỌC KIÊN,,https://salt.tikicdn.com/cache/512x512/ts/avatar/0d/6c/d4/38a37aa5ed28d58a493940ed9d9c9f8f.png,5,Cực kì hài lòng,cam sắc nét bộ nhớ siêu khủng rồi. cu em này cứ bị mê..,0,44.44444444,approved,True,1,Tiki Trading,,2025-11-29 09:32:55,
278628812,278630769,Apple iPhone 17 Pro,https://tiki.vn/apple-iphone-17-pro-p278628812.html?spid=278630769,search,,Search: Iphone,,,26,5.0,1,3,20210203,1974933,Hai Nguyen,Hai Nguyen,,//tiki.vn/assets/img/avatar.png,5,Cực kì hài lòng,Tuyệt vời . Nhanh chóng,0,33.33333333,approved,True,1,Tiki Trading,,2026-02-02 14:52:21,
278628812,278630769,Apple iPhone 17 Pro,https://tiki.vn/apple-iphone-17-pro-p278628812.html?spid=278630769,search,,Search: Iphone,,,26,5.0,1,4,20191850,30546029,TRẦN NGỌC KIÊN,TRẦN NGỌC KIÊN,,https://salt.tikicdn.com/cache/512x512/ts/avatar/0d/6c/d4/38a37aa5ed28d58a493940ed9d9c9f8f.png,5,Cực kì hài lòng,đẹp lắm nha,0,22.22222222,approved,True,1,Tiki Trading,,2025-11-19 15:21:51,
278628812,278630769,Apple iPhone 17 Pro,https://tiki.vn/apple-iphone-17-pro-p278628812.html?spid=278630769,search,,Search: Iphone,,,26,5.0,1,6,20191836,30495492,trai pho,trai pho,,https://salt.tikicdn.com/cache/512x512/ts/avatar/64/87/e4/f590b3360ba29544f2c962b83b079500.png,5,Cực kì hài lòng,đẹp tốt,0,33.33333333,approved,True,1,Tiki Trading,,2025-11-19 14:45:30,
278628812,278630769,Apple iPhone 17 Pro,https://tiki.vn/apple-iphone-17-pro-p278628812.html?spid=278630769,search,,Search: Iphone,,,26,5.0,1,7,20185693,7350147,Dương Hiển Long,Dương Hiển Long,,https://salt.tikicdn.com/cache/512x512/ts/avatar/75/aa/15/45db76d9cf3817024478fff38c1940cb.png,5,Cực kì hài lòng,Đẹp quá,0,33.33333333,approved,True,1,Tiki Trading,,2025-10-28 14:56:11,
278628812,278630769,Apple iPhone 17 Pro,https://tiki.vn/apple-iphone-17-pro-p278628812.html?spid=278630769,search,,Search: Iphone,,,26,5.0,1,13,20200253,30463456,Bảo Quân,Bảo Quân,,//tiki.vn/assets/img/avatar.png,5,Cực kì hài lòng,Rất ổn !,0,27.77777778,approved,False,1,Tiki Trading,,2025-12-23 05:33:17,
278630241,278630823,Apple iPhone 17 - Xanh lam khói - 256GB,https://tiki.vn/apple-iphone-17-p278630241.html?spid=278630823,search,,Search: Iphone,,,17,5.0,1,1,20225488,12259291,Ngô Phước Thiện,Ngô Phước Thiện,,https://salt.tikicdn.com/cache/512x512/ts/avatar/97/63/58/f845bc5bb203d575e337009433d1af0c.png,5,Cực kì hài lòng,"Mình mua màu xanh lam khói. Máy mới tinh: sản xuất 02/2026. Tiki bán trả góp 12 tháng rê hơn 1,3 triệu so với Cellphones/TGDD/FPT Mời các bạn thưởng thức ảnh mình chụp bằng Iphone 17 (trừ tấm chưa khui seal).",0,50.0,approved,True,1,Tiki Trading,,2026-04-09 21:47:31,
278630241,278630823,Apple iPhone 17 - Xanh lam khói - 256GB,https://tiki.vn/apple-iphone-17-p278630241.html?spid=278630823,search,,Search: Iphone,,,17,5.0,1,2,20199624,6713577,van ngan bac ,van ngan bac ,,//tiki.vn/assets/img/avatar.png,5,Cực kì hài lòng,"Đóng gói cẩn thận hài lòng sản phẩm ,luôn tin tưởng Tiki cho dòng sản phẩm đắt tiền danh giá 5 sao sẽ ủng hộ tiki cảm ơn",0,38.88888889,approved,True,1,Tiki Trading,,2025-12-20 14:09:13,
278630241,278630823,Apple iPhone 17 - Xanh lam khói - 256GB,https://tiki.vn/apple-iphone-17-p278630241.html?spid=278630823,search,,Search: Iphone,,,17,5.0,1,4,20200254,30463456,Bảo Quân,Bảo Quân,,//tiki.vn/assets/img/avatar.png,5,Cực kì hài lòng,Oke đấy!,0,33.33333333,approved,True,1,Tiki Trading,,2025-12-23 05:34:22,
278630241,278630823,Apple iPhone 17 - Xanh lam khói - 256GB,https://tiki.vn/apple-iphone-17-p278630241.html?spid=278630823,search,,Search: Iphone,,,17,5.0,1,10,20193641,10942717,Huy sơn,Huy sơn,,https://s120.avatar.talk.zdn.vn/6/3/c/2/10/120/2a975cd2a2e8256059201e6c9db8f916.jpg,5,Cực kì hài lòng,Tốt.lần sau mua nữa,0,0.02850465,approved,False,1,Tiki Trading,,2025-11-27 11:24:12,
278630285,278630803,Apple iPhone Air - Xanh Da Trời - 256GB,https://tiki.vn/apple-iphone-air-p278630285.html?spid=278630803,search,,Search: Iphone,,,11,5.0,1,1,20209157,17724930,Nguyễn Thanh Huyền,Nguyễn Thanh Huyền,,//tiki.vn/assets/img/avatar.png,5,Cực kì hài lòng,"Máy mỏng , nhẹ . Tiki giao hàng chuẩn , giá rẻ so với thị trường . Mua rất nhiều điện thoại trên Tiki rồi , lúc nào cũng hài lòng . Bộ phận CSKH cũng rất tốt , tốt nhất trong các sàn TMĐT",1,0.93518519,approved,False,1,Tiki Trading,,2026-01-29 10:40:23,
278630285,278630803,Apple iPhone Air - Xanh Da Trời - 256GB,https://tiki.vn/apple-iphone-air-p278630285.html?spid=278630803,search,,Search: Iphone,,,11,5.0,1,2,20190448,30495492,trai pho,trai pho,,https://salt.tikicdn.com/cache/512x512/ts/avatar/64/87/e4/f590b3360ba29544f2c962b83b079500.png,5,Cực kì hài lòng,"chất lượng tốt, giao hàng nhanh, cảm thấy tiki uy tín",0,0.47789725,approved,True,1,Tiki Trading,,2025-11-14 09:31:20,
278630285,278630803,Apple iPhone Air - Xanh Da Trời - 256GB,https://tiki.vn/apple-iphone-air-p278630285.html?spid=278630803,search,,Search: Iphone,,,11,5.0,1,3,20186869,14696136,Johny Lin,Johny Lin,,https://graph.facebook.com/v3.3/2450334391744367/picture?type=large&return_ssl_resources=1,5,Cực kì hài lòng,"Hang chuan chinh hang , qua tot ko gi ban cai",0,27.77777778,approved,False,1,Tiki Trading,,2025-11-01 16:28:05,
279204182,279204275,Apple iPhone 17e,https://tiki.vn/apple-iphone-17e-p279204182.html?spid=279204275,search,,Search: Iphone,,,3,5.0,1,1,20233687,7111541,Hòa Lý Quốc,Hòa Lý Quốc,,//tiki.vn/assets/img/avatar.png,5,Cực kì hài lòng,"Tốt , nhanh , đúng sản phẩm , giảm giá nhiều , uy tín lắm luôn , mọi người đặt đồ trên tiki khỏi lo bị giả sản phẩm nhé",1,0.74814815,approved,False,1,Tiki Trading,,2026-05-14 20:19:53,
54386258,54386268,BAO DA ĐEO LƯNG IPHONE SE 2020 - CHÍNH HÃNG KHẮC TÊN,https://tiki.vn/bao-da-deo-lung-iphone-se-2020-chinh-hang-khac-ten-p54386258.html?spid=54386268,search,,Search: Iphone,,,1,5.0,1,1,4102589,11120567,Lê Xuân Hưng,Lê Xuân Hưng,,//tiki.vn/assets/img/avatar.png,5,Cực kì hài lòng,"hình thức đẹp, đường may tỉ mỉ. nhỏ gọn vửa đủ dùng cho ip se 4.7 inc",0,27.77777778,approved,False,114831,Khắc Tên,,2020-07-17 12:55:04,
275678601,275678611,"Ốp lưng cho iPhone 5/5s, iPhone 6/6s, iPhone 7, iPhone 7 Plus, iPhone 8/ iPhone SE, iPhone 8 Plus dẻo trong chống sốc cao cấp - Hàng chính hãng",https://tiki.vn/op-lung-cho-iphone-5-5s-iphone-6-6s-iphone-7-iphone-7-plus-iphone-8-iphone-se-iphone-8-plus-deo-trong-chong-soc-cao-cap-hang-chinh-hang-p275678601.html?spid=275678611,search,,Search: Iphone,,,1,5.0,1,1,20187447,16528660,Trần Nhật Phi,Trần Nhật Phi,,//tiki.vn/assets/img/avatar.png,5,Cực kì hài lòng,"Ốp đẹp, giống trong hình",0,27.77777778,approved,False,104628,CasemeStore,,2025-11-03 20:50:00,
110813222,111509739,"Cường lực Earldom chống vân tay, chống trầy xước cho iPhone 12 ProMax - Hàng Chính Hãng",https://tiki.vn/cuong-luc-earldom-chong-van-tay-chong-tray-xuoc-cho-iphone-12-promax-hang-chinh-hang-p110813222.html?spid=111509739,search,,Search: Iphone,,,1,5.0,1,1,11718066,14091290,Viet Phung,Viet Phung,,https://lh6.googleusercontent.com/-cVtZfxDhIPk/AAAAAAAAAAI/AAAAAAAAAAA/ACHi3rfgNvaah6lmpr37zf2S1o9n5U0vYA/photo.jpg,5,Cực kì hài lòng,cuc ky hai long,0,27.77777778,approved,False,141107,GuCase,,2021-08-10 11:11:39,
73326114,73326118,VÍ DA ĐIỆN THOẠI IPHONE 12 PRO MAX - CHÍNH HÃNG KHACTEN.COM,https://tiki.vn/vi-da-dien-thoai-iphone-12-pro-max-chinh-hang-khacten-com-p73326114.html?spid=73326118,search,,Search: Iphone,,,4,4.8,1,1,12973615,19757270,Xuan Yen,Xuan Yen,,//tiki.vn/assets/img/avatar.png,5,Cực kì hài lòng,"Sản phẩm đẹp, đường may sắc sảo",0,27.77777778,approved,False,114831,Khắc Tên,,2021-11-02 13:51:02,
73326114,73326118,VÍ DA ĐIỆN THOẠI IPHONE 12 PRO MAX - CHÍNH HÃNG KHACTEN.COM,https://tiki.vn/vi-da-dien-thoai-iphone-12-pro-max-chinh-hang-khacten-com-p73326114.html?spid=73326118,search,,Search: Iphone,,,4,4.8,1,3,6652413,6829469,Lu Boun Vinh,Lu Boun Vinh,,//tiki.vn/assets/img/avatar.png,5,Cực kì hài lòng,Đẹp,0,27.77777778,approved,False,114831,Khắc Tên,,2021-01-01 10:10:39,
81224454,81224484,Ốp lưng cao cấp dành cho iPhone 7 / 8 / SE 2020 / 7 Plus / 8 Plus / X / XS / XS Max / XR / 11 / 11 Pro / 11 Pro Max,https://tiki.vn/op-lung-cao-cap-danh-cho-iphone-photodesign-vn-hang-chinh-hang-p81224454.html?spid=81224484,search,,Search: Iphone,,,16,4.7,1,1,20123316,1137254,Hoàng Yến,Hoàng Yến,,//tiki.vn/assets/img/avatar.png,5,Cực kì hài lòng,"Ốp lưng iphone 11 giờ khó thấy nên tìm đc cái này vô cùng thích luôn. Cám ơn shop nhiều, giao rất nhanh bởi dịch vụ của Tiki đóng gói thì khỏi phải bàn cãi rồi.",0,27.77777778,approved,False,54282,Photodesign VN Official ,,2025-05-14 09:30:00,
81224454,81224484,Ốp lưng cao cấp dành cho iPhone 7 / 8 / SE 2020 / 7 Plus / 8 Plus / X / XS / XS Max / XR / 11 / 11 Pro / 11 Pro Max,https://tiki.vn/op-lung-cao-cap-danh-cho-iphone-photodesign-vn-hang-chinh-hang-p81224454.html?spid=81224484,search,,Search: Iphone,,,16,4.7,1,5,17597062,11546459,Quốc Chính Trương,Quốc Chính Trương,,https://lh6.googleusercontent.com/-2EMGCk-NNk4/AAAAAAAAAAI/AAAAAAAAGwA/z9OZ9AY6vp4/photo.jpg,2,Không hài lòng,"cảm giác cầm tệ, hàng tốt, nhưng cầm sau khi ốp ko thoải mái",0,27.77777778,approved,False,54282,Photodesign VN Official ,,2022-09-04 17:55:52,
81224454,81224484,Ốp lưng cao cấp dành cho iPhone 7 / 8 / SE 2020 / 7 Plus / 8 Plus / X / XS / XS Max / XR / 11 / 11 Pro / 11 Pro Max,https://tiki.vn/op-lung-cao-cap-danh-cho-iphone-photodesign-vn-hang-chinh-hang-p81224454.html?spid=81224484,search,,Search: Iphone,,,16,4.7,1,6,13769635,8971665,Thế Doanh,Thế Doanh,,//tiki.vn/assets/img/avatar.png,4,Hài lòng,"Hàng đẹp, ôm sát điện thoại. Giao hàng nhanh",0,38.88888889,approved,True,54282,PS CASE,,2021-12-12 15:07:27,
81224454,81224484,Ốp lưng cao cấp dành cho iPhone 7 / 8 / SE 2020 / 7 Plus / 8 Plus / X / XS / XS Max / XR / 11 / 11 Pro / 11 Pro Max,https://tiki.vn/op-lung-cao-cap-danh-cho-iphone-photodesign-vn-hang-chinh-hang-p81224454.html?spid=81224484,search,,Search: Iphone,,,16,4.7,1,9,16308527,26031836,manh cuong,manh cuong,,https://salt.tikicdn.com/cache/256x256/ts/avatar/14/75/19/cdccb5b9332f1397a23b63fcf1ffa5cc.jpg,5,Cực kì hài lòng,Đẹp,0,27.77777778,approved,False,54282,PS CASE,,2022-05-13 10:58:04,
81224454,81224484,Ốp lưng cao cấp dành cho iPhone 7 / 8 / SE 2020 / 7 Plus / 8 Plus / X / XS / XS Max / XR / 11 / 11 Pro / 11 Pro Max,https://tiki.vn/op-lung-cao-cap-danh-cho-iphone-photodesign-vn-hang-chinh-hang-p81224454.html?spid=81224484,search,,Search: Iphone,,,16,4.7,1,11,14654953,8977009,Triệu Minh Vương,Triệu Minh Vương,,https://salt.tikicdn.com/cache/512x512/ts/avatar/b0/30/b2/8ade89fcea52a54ff0f914af4766a47c.png,5,Cực kì hài lòng,Ok bạn nhé,0,27.77777778,approved,False,54282,PS CASE,,2022-01-23 22:42:11,
81224454,81224484,Ốp lưng cao cấp dành cho iPhone 7 / 8 / SE 2020 / 7 Plus / 8 Plus / X / XS / XS Max / XR / 11 / 11 Pro / 11 Pro Max,https://tiki.vn/op-lung-cao-cap-danh-cho-iphone-photodesign-vn-hang-chinh-hang-p81224454.html?spid=81224484,search,,Search: Iphone,,,16,4.7,1,12,11363565,7327283,Ngô Thị Thùy Trang,Ngô Thị Thùy Trang,,//tiki.vn/assets/img/avatar.png,4,Hài lòng,hơi trầy cạnh xíu nhưng vẫn okie,0,27.77777778,approved,False,54282,PS CASE,,2021-07-22 09:23:09,
81224454,81224484,Ốp lưng cao cấp dành cho iPhone 7 / 8 / SE 2020 / 7 Plus / 8 Plus / X / XS / XS Max / XR / 11 / 11 Pro / 11 Pro Max,https://tiki.vn/op-lung-cao-cap-danh-cho-iphone-photodesign-vn-hang-chinh-hang-p81224454.html?spid=81224484,search,,Search: Iphone,,,16,4.7,1,13,9896882,1898065,Ngân Lê,Ngân Lê,,//tiki.vn/assets/img/avatar.png,5,Cực kì hài lòng,"Hàng cứng cáp, đẹp, đúng như hình. Cho shop 5*",0,27.77777778,approved,False,54282,PS CASE,,2021-05-22 20:46:20,
81224454,81224484,Ốp lưng cao cấp dành cho iPhone 7 / 8 / SE 2020 / 7 Plus / 8 Plus / X / XS / XS Max / XR / 11 / 11 Pro / 11 Pro Max,https://tiki.vn/op-lung-cao-cap-danh-cho-iphone-photodesign-vn-hang-chinh-hang-p81224454.html?spid=81224484,search,,Search: Iphone,,,16,4.7,1,14,13132110,24552734,Nguyễn Đức Khánh,Nguyễn Đức Khánh,,//tiki.vn/assets/img/avatar.png,5,Cực kì hài lòng,Good,0,0.16196955,approved,False,54282,PS CASE,,2021-11-11 20:49:15,
81224454,81224484,Ốp lưng cao cấp dành cho iPhone 7 / 8 / SE 2020 / 7 Plus / 8 Plus / X / XS / XS Max / XR / 11 / 11 Pro / 11 Pro Max,https://tiki.vn/op-lung-cao-cap-danh-cho-iphone-photodesign-vn-hang-chinh-hang-p81224454.html?spid=81224484,search,,Search: Iphone,,,16,4.7,1,15,11143936,13655130,Quynh Quyen Lam,Quynh Quyen Lam,,https://graph.facebook.com/v3.3/10212369501472922/picture?type=large&return_ssl_resources=1,5,Cực kì hài lòng,Đẹp. Thanks shop,0,27.77777778,approved,False,54282,PS CASE,,2021-07-13 22:18:53,
74952676,74952678,"Ốp lưng lụa nhám siêu mỏng chống vân tay cho iPhone 7, iPhone 8 Chính Hãng HOCO - Hàng Nhập Khẩu",https://tiki.vn/op-lung-lua-nham-sieu-mong-chong-van-tay-cho-iphone-7-iphone-8-chinh-hang-hoco-hang-nhap-khau-p74952676.html?spid=74952678,search,,Search: Iphone,,,11,4.7,1,3,14994634,9643020,Nguyễn Tiến Dũng,Nguyễn Tiến Dũng,,https://graph.facebook.com/1042818132556365/picture?type=large&return_ssl_resources=1,4,Hài lòng,Good,0,0.09290227,approved,False,104628,CasemeStore,,2022-02-16 22:04:15,
74952676,74952678,"Ốp lưng lụa nhám siêu mỏng chống vân tay cho iPhone 7, iPhone 8 Chính Hãng HOCO - Hàng Nhập Khẩu",https://tiki.vn/op-lung-lua-nham-sieu-mong-chong-van-tay-cho-iphone-7-iphone-8-chinh-hang-hoco-hang-nhap-khau-p74952676.html?spid=74952678,search,,Search: Iphone,,,11,4.7,1,5,10428905,11276953,Dương Trung,Dương Trung,,//tiki.vn/assets/img/avatar.png,5,Cực kì hài lòng,Sản phẩm mỏng đẹp rất ok. Giao hàng nhanh chóng,0,27.77777778,approved,False,104628,CasemeStore,,2021-06-15 10:48:55,
74952676,74952678,"Ốp lưng lụa nhám siêu mỏng chống vân tay cho iPhone 7, iPhone 8 Chính Hãng HOCO - Hàng Nhập Khẩu",https://tiki.vn/op-lung-lua-nham-sieu-mong-chong-van-tay-cho-iphone-7-iphone-8-chinh-hang-hoco-hang-nhap-khau-p74952676.html?spid=74952678,search,,Search: Iphone,,,11,4.7,1,6,12498496,11276953,Dương Trung,Dương Trung,,//tiki.vn/assets/img/avatar.png,5,Cực kì hài lòng,Hoàn thiện rất tốt,0,0.03547609,approved,False,104628,CasemeStore,,2021-10-08 17:07:04,
74952676,74952678,"Ốp lưng lụa nhám siêu mỏng chống vân tay cho iPhone 7, iPhone 8 Chính Hãng HOCO - Hàng Nhập Khẩu",https://tiki.vn/op-lung-lua-nham-sieu-mong-chong-van-tay-cho-iphone-7-iphone-8-chinh-hang-hoco-hang-nhap-khau-p74952676.html?spid=74952678,search,,Search: Iphone,,,11,4.7,1,8,10806186,8007827,Phan Hảo,Phan Hảo,,https://salt.tikicdn.com/cache/512x512/ts/avatar/d0/9d/b5/7334413e1a74d992e2840fb1a20a3e89.png,5,Cực kì hài lòng,Good,0,0.6116208,approved,True,104628,CasemeStore,,2021-07-02 01:58:14,
135410778,135410782,Ốp Lưng Trong Suốt Hoco Dành Cho iPhone - Hàng Chính Hãng,https://tiki.vn/op-lung-trong-suot-hoco-danh-cho-iphone-hang-chinh-hang-p135410778.html?spid=135410782,search,,Search: Iphone,,,100,4.6,1,1,20210379,6306047,Nguyen Dang Ba,Nguyen Dang Ba,,//tiki.vn/assets/img/avatar.png,1,Rất không hài lòng,"Sản phẩm là hàng để rất lâu, nhựa đã thoái hóa và ngả màu vàng từ sản phẩm tới bao bì. Sản phầm nhìn mất thường là thấy vấn để nhưng nhà bán vẫn giao hàng.",0,18.7037037,approved,False,41007,VIETMART 668,,2026-02-03 10:54:31,
135410778,135410782,Ốp Lưng Trong Suốt Hoco Dành Cho iPhone - Hàng Chính Hãng,https://tiki.vn/op-lung-trong-suot-hoco-danh-cho-iphone-hang-chinh-hang-p135410778.html?spid=135410782,search,,Search: Iphone,,,100,4.6,1,2,20210708,12965412,Kat Nguyễn ,Kat Nguyễn ,,https://salt.tikicdn.com/cache/512x512/ts/avatar/76/3e/f4/4b966fc660b85e8d17b7e85a075742d7.png,1,Rất không hài lòng,Hàng lỗi thế này ai mà dùng được ??? Rồi người giao hàng cũng lấp liếm. *** khách hàng à ???,0,33.61111111,approved,True,41007,VIETMART 668,,2026-02-04 17:48:31,
135410778,135410782,Ốp Lưng Trong Suốt Hoco Dành Cho iPhone - Hàng Chính Hãng,https://tiki.vn/op-lung-trong-suot-hoco-danh-cho-iphone-hang-chinh-hang-p135410778.html?spid=135410782,search,,Search: Iphone,,,100,4.6,1,3,20233133,5618367,Hoai Q. Tran,Hoai Q. Tran,,//tiki.vn/assets/img/avatar.png,1,Rất không hài lòng,Hàng nguyên kiện nhưng mở ra chưa sử dụng đã bị vỡ vụn,0,28.05555556,approved,False,41007,VIETMART 668,,2026-05-12 09:49:57,
135410778,135410782,Ốp Lưng Trong Suốt Hoco Dành Cho iPhone - Hàng Chính Hãng,https://tiki.vn/op-lung-trong-suot-hoco-danh-cho-iphone-hang-chinh-hang-p135410778.html?spid=135410782,search,,Search: Iphone,,,100,4.6,1,5,20146432,5121601,Hoàng Anh,Hoàng Anh,,//tiki.vn/assets/img/avatar.png,1,Rất không hài lòng,Sản phẩm khi nhận thì đã chuyển màu vàng ngà,0,11.22222222,approved,False,41007,VIETMART 668,,2025-07-14 05:58:04,
135410778,135410782,Ốp Lưng Trong Suốt Hoco Dành Cho iPhone - Hàng Chính Hãng,https://tiki.vn/op-lung-trong-suot-hoco-danh-cho-iphone-hang-chinh-hang-p135410778.html?spid=135410782,search,,Search: Iphone,,,100,4.6,1,6,19419220,1549221,John Doan,John Doan,,https://salt.tikicdn.com/cache/512x512/ts/avatar/bf/fe/57/ef6450b15c446eb4eba264a80d7ee738.png,5,Cực kì hài lòng,"Ốp lưng vừa vặn, đẹp...rất hài lòng với sản phẩm.",0,50.0,approved,True,178422,ATZstore,,2023-07-29 23:46:25,
135410778,135410782,Ốp Lưng Trong Suốt Hoco Dành Cho iPhone - Hàng Chính Hãng,https://tiki.vn/op-lung-trong-suot-hoco-danh-cho-iphone-hang-chinh-hang-p135410778.html?spid=135410782,search,,Search: Iphone,,,100,4.6,1,7,20158935,730078,Hà thị Hạnh,Hà thị Hạnh,,//tiki.vn/assets/img/avatar.png,2,Không hài lòng,"80K mà cái ốp vàng khè,thưa hàng 20k",0,28.05555556,approved,False,41007,VIETMART 668,,2025-08-15 11:40:20,
135410778,135410782,Ốp Lưng Trong Suốt Hoco Dành Cho iPhone - Hàng Chính Hãng,https://tiki.vn/op-lung-trong-suot-hoco-danh-cho-iphone-hang-chinh-hang-p135410778.html?spid=135410782,search,,Search: Iphone,,,100,4.6,1,12,20041080,11199856,Pham dung,Pham dung,,https://lh6.googleusercontent.com/-QxO8l1CGtOc/AAAAAAAAAAI/AAAAAAAAAAA/ACHi3rd8-NhuCnSdJjBsBMmE4OzoOy-KPw/s80/photo.jpg,1,Rất không hài lòng,Giao hàng không đúng loại,0,4.67592593,approved,False,41007,VIETMART 668,,2024-12-01 23:38:19,
135410778,135410782,Ốp Lưng Trong Suốt Hoco Dành Cho iPhone - Hàng Chính Hãng,https://tiki.vn/op-lung-trong-suot-hoco-danh-cho-iphone-hang-chinh-hang-p135410778.html?spid=135410782,search,,Search: Iphone,,,100,4.6,1,15,16427285,7213325,Nguyễn Thanh Kỳ,Nguyễn Thanh Kỳ,,https://salt.tikicdn.com/cache/512x512/ts/avatar/10/80/8c/255099b46cbd36c2c7693395e1f9cb67.png,5,Cực kì hài lòng,Ốp lưng tiện lợi và chất lượng tốt được giao sớm để sử dụng!,0,50.0,approved,True,41007,VIETMART 668,,2022-05-23 09:46:14,
135410778,135410782,Ốp Lưng Trong Suốt Hoco Dành Cho iPhone - Hàng Chính Hãng,https://tiki.vn/op-lung-trong-suot-hoco-danh-cho-iphone-hang-chinh-hang-p135410778.html?spid=135410782,search,,Search: Iphone,,,100,4.6,1,16,18935527,19015304,Ngoc Dinh,Ngoc Dinh,,//tiki.vn/assets/img/avatar.png,5,Cực kì hài lòng,"Ốp đẹp, mỏng, vừa vặn. Zin nguyên hộp.",1,0.00835383,approved,True,41007,VIETMART 668,,2023-03-10 10:56:31,
135410778,135410782,Ốp Lưng Trong Suốt Hoco Dành Cho iPhone - Hàng Chính Hãng,https://tiki.vn/op-lung-trong-suot-hoco-danh-cho-iphone-hang-chinh-hang-p135410778.html?spid=135410782,search,,Search: Iphone,,,100,4.6,1,20,19772023,8744038,Nguyễn Quang Hiệu,Nguyễn Quang Hiệu,,//tiki.vn/assets/img/avatar.png,2,Không hài lòng,Ốp chất lượng thấp mà giá cao. Lỗ loa không khớp với náy.,0,14.02777778,approved,False,41007,VIETMART 668,,2024-02-18 08:47:51,
135410778,135410782,Ốp Lưng Trong Suốt Hoco Dành Cho iPhone - Hàng Chính Hãng,https://tiki.vn/op-lung-trong-suot-hoco-danh-cho-iphone-hang-chinh-hang-p135410778.html?spid=135410782,search,,Search: Iphone,,,100,4.6,2,8,19807129,9946229,Ly Truong Cong,Ly Truong Cong,,https://lh3.googleusercontent.com/-uBlNPWeNiIs/AAAAAAAAAAI/AAAAAAAAABE/cILJpY2MRdY/s80/photo.jpg,5,Cực kì hài lòng,Đúng hàng,0,27.77777778,approved,False,41007,VIETMART 668,,2024-03-15 15:27:07,
135410778,135410782,Ốp Lưng Trong Suốt Hoco Dành Cho iPhone - Hàng Chính Hãng,https://tiki.vn/op-lung-trong-suot-hoco-danh-cho-iphone-hang-chinh-hang-p135410778.html?spid=135410782,search,,Search: Iphone,,,100,4.6,2,9,19573690,13950710,Luong Thanh Binh,Luong Thanh Binh,,https://salt.tikicdn.com/cache/256x256/ts/avatar/32/39/c1/d9419ee1d4257dae2507c3bf51d52738.png,5,Cực kì hài lòng,"Ốp đẹp, vừa khít với máy, gọn nhẹ",0,27.77777778,approved,False,41007,VIETMART 668,,2023-10-07 06:24:59,
135410778,135410782,Ốp Lưng Trong Suốt Hoco Dành Cho iPhone - Hàng Chính Hãng,https://tiki.vn/op-lung-trong-suot-hoco-danh-cho-iphone-hang-chinh-hang-p135410778.html?spid=135410782,search,,Search: Iphone,,,100,4.6,2,15,19248596,8050825,Nguyễn Hữu Minh,Nguyễn Hữu Minh,,https://salt.tikicdn.com/cache/512x512/ts/avatar/da/31/64/e3417ca8825ee513e01c5a7c08615dae.png,5,Cực kì hài lòng,"Cho 5sao cái, muốn mua thêm tĂng giá luôn vs ngay 😂",0,27.77777778,approved,False,178422,ATZstore,,2023-05-31 22:25:31,
135410778,135410782,Ốp Lưng Trong Suốt Hoco Dành Cho iPhone - Hàng Chính Hãng,https://tiki.vn/op-lung-trong-suot-hoco-danh-cho-iphone-hang-chinh-hang-p135410778.html?spid=135410782,search,,Search: Iphone,,,100,4.6,2,16,19166964,384640,Lượng Đức Tùng,Lượng Đức Tùng,,//tiki.vn/assets/img/avatar.png,5,Cực kì hài lòng,"giao hàng nhanh, chất lượng trong tầm giá :D",0,27.77777778,approved,False,41007,VIETMART 668,,2023-05-06 22:25:31,
135410778,135410782,Ốp Lưng Trong Suốt Hoco Dành Cho iPhone - Hàng Chính Hãng,https://tiki.vn/op-lung-trong-suot-hoco-danh-cho-iphone-hang-chinh-hang-p135410778.html?spid=135410782,search,,Search: Iphone,,,100,4.6,2,19,17305781,11437110,Nguyễn Phạm Nhật Trường,Nguyễn Phạm Nhật Trường,,//tiki.vn/assets/img/avatar.png,5,Cực kì hài lòng,Ốp đẹp giao hàng nhanh,0,12.96296296,approved,True,41007,VIETMART 668,,2022-08-05 11:31:38,
135410778,135410782,Ốp Lưng Trong Suốt Hoco Dành Cho iPhone - Hàng Chính Hãng,https://tiki.vn/op-lung-trong-suot-hoco-danh-cho-iphone-hang-chinh-hang-p135410778.html?spid=135410782,search,,Search: Iphone,,,100,4.6,3,3,18203127,2805,Kieu Trinh,Kieu Trinh,,//tiki.vn/assets/img/avatar.png,5,Cực kì hài lòng,"Đẹp, chắc, dẻo, vừa với máy",0,33.33333333,approved,True,41007,VIETMART 668,,2022-11-14 11:55:03,
135410778,135410782,Ốp Lưng Trong Suốt Hoco Dành Cho iPhone - Hàng Chính Hãng,https://tiki.vn/op-lung-trong-suot-hoco-danh-cho-iphone-hang-chinh-hang-p135410778.html?spid=135410782,search,,Search: Iphone,,,100,4.6,3,4,17669305,14142628,Thái Hoàng Anh Quân,Thái Hoàng Anh Quân,,//tiki.vn/assets/img/avatar.png,5,Cực kì hài lòng,Ốp đẹp; chắc chắn vừa khít với máy,0,33.33333333,approved,True,41007,VIETMART 668,,2022-09-12 12:14:06,
135410778,135410782,Ốp Lưng Trong Suốt Hoco Dành Cho iPhone - Hàng Chính Hãng,https://tiki.vn/op-lung-trong-suot-hoco-danh-cho-iphone-hang-chinh-hang-p135410778.html?spid=135410782,search,,Search: Iphone,,,100,4.6,3,11,17367824,22662071,do thi ngoc dung,do thi ngoc dung,,//tiki.vn/assets/img/avatar.png,5,Cực kì hài lòng,"Ốp đúng mô tả, giao hàng nhanh",0,33.33333333,approved,True,41007,VIETMART 668,,2022-08-10 16:22:05,
135410778,135410782,Ốp Lưng Trong Suốt Hoco Dành Cho iPhone - Hàng Chính Hãng,https://tiki.vn/op-lung-trong-suot-hoco-danh-cho-iphone-hang-chinh-hang-p135410778.html?spid=135410782,search,,Search: Iphone,,,100,4.6,4,4,17751080,1700473,bich van,bich van,,//tiki.vn/assets/img/avatar.png,5,Cực kì hài lòng,"Ốp đẹp, độ dày vừa phải..",0,27.77777778,approved,False,41007,VIETMART 668,,2022-09-20 22:05:37,
135410778,135410782,Ốp Lưng Trong Suốt Hoco Dành Cho iPhone - Hàng Chính Hãng,https://tiki.vn/op-lung-trong-suot-hoco-danh-cho-iphone-hang-chinh-hang-p135410778.html?spid=135410782,search,,Search: Iphone,,,100,4.6,4,9,17950810,21724873,bùi tưởng,bùi tưởng,,//tiki.vn/assets/img/avatar.png,5,Cực kì hài lòng,Sản phẩm tốt,0,27.77777778,approved,False,41007,VIETMART 668,,2022-10-13 19:48:48,
135410778,135410782,Ốp Lưng Trong Suốt Hoco Dành Cho iPhone - Hàng Chính Hãng,https://tiki.vn/op-lung-trong-suot-hoco-danh-cho-iphone-hang-chinh-hang-p135410778.html?spid=135410782,search,,Search: Iphone,,,100,4.6,4,10,17385978,7579231,Hứa Thanh Long,Hứa Thanh Long,,https://lh4.googleusercontent.com/-t8VlvSS0n6A/AAAAAAAAAAI/AAAAAAAAAAA/AAnnY7o0dgAn7FYQTftJF8UsAKkAdY2jfA/mo/photo.jpg,5,Cực kì hài lòng,Hoco thì khỏi chụp nhen. Thank,0,27.77777778,approved,False,41007,VIETMART 668,,2022-08-12 09:31:19,
135410778,135410782,Ốp Lưng Trong Suốt Hoco Dành Cho iPhone - Hàng Chính Hãng,https://tiki.vn/op-lung-trong-suot-hoco-danh-cho-iphone-hang-chinh-hang-p135410778.html?spid=135410782,search,,Search: Iphone,,,100,4.6,4,13,18136465,8050825,Nguyễn Hữu Minh,Nguyễn Hữu Minh,,https://salt.tikicdn.com/cache/512x512/ts/avatar/da/31/64/e3417ca8825ee513e01c5a7c08615dae.png,5,Cực kì hài lòng,Đẹp,0,27.77777778,approved,False,41007,VIETMART 668,,2022-11-06 12:51:01,
135410778,135410782,Ốp Lưng Trong Suốt Hoco Dành Cho iPhone - Hàng Chính Hãng,https://tiki.vn/op-lung-trong-suot-hoco-danh-cho-iphone-hang-chinh-hang-p135410778.html?spid=135410782,search,,Search: Iphone,,,100,4.6,4,20,17792376,9736441,Tuấn Anh,Tuấn Anh,,https://graph.facebook.com/580297132407395/picture?type=large&return_ssl_resources=1,5,Cực kì hài lòng,Tốt,0,27.77777778,approved,False,41007,VIETMART 668,,2022-09-25 16:21:44,
135410778,135410782,Ốp Lưng Trong Suốt Hoco Dành Cho iPhone - Hàng Chính Hãng,https://tiki.vn/op-lung-trong-suot-hoco-danh-cho-iphone-hang-chinh-hang-p135410778.html?spid=135410782,search,,Search: Iphone,,,100,4.6,5,4,16720900,617553,Lê  Khánh,Lê  Khánh,,//tiki.vn/assets/img/avatar.png,5,Cực kì hài lòng,giao hàng như hình đăng,0,27.77777778,approved,False,41007,VIETMART 668,,2022-06-15 16:26:46,
135410778,135410782,Ốp Lưng Trong Suốt Hoco Dành Cho iPhone - Hàng Chính Hãng,https://tiki.vn/op-lung-trong-suot-hoco-danh-cho-iphone-hang-chinh-hang-p135410778.html?spid=135410782,search,,Search: Iphone,,,100,4.6,5,6,15907696,17764564,Thuy Lieu,Thuy Lieu,,//tiki.vn/assets/img/avatar.png,1,Rất không hài lòng,Xs max bỏ vào như nào ko hiểu luôn,0,27.77777778,approved,False,41007,VIETMART 668,,2022-04-13 19:26:58,
135410778,135410782,Ốp Lưng Trong Suốt Hoco Dành Cho iPhone - Hàng Chính Hãng,https://tiki.vn/op-lung-trong-suot-hoco-danh-cho-iphone-hang-chinh-hang-p135410778.html?spid=135410782,search,,Search: Iphone,,,100,4.6,5,18,15173394,8049391,Nhat Tran,Nhat Tran,,https://lh5.googleusercontent.com/-v6RdtRO7Qj8/AAAAAAAAAAI/AAAAAAAAF4s/FQfLggmSy6M/photo.jpg,4,Hài lòng,"Chấp nhận được, giá hơi cao",0,27.77777778,approved,False,41007,VIETMART 668,,2022-02-27 16:53:06,
135410778,135410782,Ốp Lưng Trong Suốt Hoco Dành Cho iPhone - Hàng Chính Hãng,https://tiki.vn/op-lung-trong-suot-hoco-danh-cho-iphone-hang-chinh-hang-p135410778.html?spid=135410782,search,,Search: Iphone,,,100,4.6,6,4,15039421,23390827,pham the hien,pham the hien,,//tiki.vn/assets/img/avatar.png,5,Cực kì hài lòng,Hàng đẹp,0,27.77777778,approved,False,41007,VIETMART 668,,2022-02-19 18:06:31,
43395874,43395875,Ốp lưng da kính cao cấp dành cho iPhone X / iPhone XS - Màu đỏ - Hàng nhập khẩu - DELICATE,https://tiki.vn/op-lung-da-kinh-cao-cap-danh-cho-iphone-x-iphone-xs-mau-do-hang-nhap-khau-delicate-p43395874.html?spid=43395875,search,,Search: Iphone,,,13,4.6,1,1,19740141,7924416,Anh Dinh,Anh Dinh,,https://platform-lookaside.fbsbx.com/platform/profilepic/?asid=1874403339261457&height=200&width=200&ext=1538704084&hash=AeRnq4sAk_b2TuCP,5,Cực kì hài lòng,"Ốp đẹp, rất vừa vặn",0,33.33333333,approved,True,54282,Photodesign VN Official ,,2024-01-22 20:53:08,
43395874,43395875,Ốp lưng da kính cao cấp dành cho iPhone X / iPhone XS - Màu đỏ - Hàng nhập khẩu - DELICATE,https://tiki.vn/op-lung-da-kinh-cao-cap-danh-cho-iphone-x-iphone-xs-mau-do-hang-nhap-khau-delicate-p43395874.html?spid=43395875,search,,Search: Iphone,,,13,4.6,1,2,12475690,10572037,Huỳnh Bảo Kiên,Huỳnh Bảo Kiên,,//tiki.vn/assets/img/avatar.png,1,Rất không hài lòng,"Mới nhận hàng, mở ra đã thấy bị bung viền bên phải. Đề nghị đổi hàng mới giùm",0,33.33333333,approved,True,54282,PS CASE,,2021-10-07 09:48:36,
43395874,43395875,Ốp lưng da kính cao cấp dành cho iPhone X / iPhone XS - Màu đỏ - Hàng nhập khẩu - DELICATE,https://tiki.vn/op-lung-da-kinh-cao-cap-danh-cho-iphone-x-iphone-xs-mau-do-hang-nhap-khau-delicate-p43395874.html?spid=43395875,search,,Search: Iphone,,,13,4.6,1,4,15504506,769102,Nguyễn Dũng,Nguyễn Dũng,,//tiki.vn/assets/img/avatar.png,5,Cực kì hài lòng,Đẹp,0,33.33333333,approved,True,54282,PS CASE,,2022-03-19 20:48:52,
43395874,43395875,Ốp lưng da kính cao cấp dành cho iPhone X / iPhone XS - Màu đỏ - Hàng nhập khẩu - DELICATE,https://tiki.vn/op-lung-da-kinh-cao-cap-danh-cho-iphone-x-iphone-xs-mau-do-hang-nhap-khau-delicate-p43395874.html?spid=43395875,search,,Search: Iphone,,,13,4.6,1,5,8042220,1879142,Phạm Thị Thúy Hằng,Phạm Thị Thúy Hằng,,//tiki.vn/assets/img/avatar.png,5,Cực kì hài lòng,"Đẹp, chất lượng, đóng gói chắc chắn, giao hàng nhanh, nhân viên giao hàng dễ thương, nhiệt tình",0,0.00792632,approved,False,54282,PS CASE,,2021-02-27 21:33:17,
43395874,43395875,Ốp lưng da kính cao cấp dành cho iPhone X / iPhone XS - Màu đỏ - Hàng nhập khẩu - DELICATE,https://tiki.vn/op-lung-da-kinh-cao-cap-danh-cho-iphone-x-iphone-xs-mau-do-hang-nhap-khau-delicate-p43395874.html?spid=43395875,search,,Search: Iphone,,,13,4.6,1,12,2716594,1898065,Ngân Lê,,,//tiki.vn/assets/img/avatar.png,5,"Hàng đẹp, sang trọng","Mới nhận được hàng từ shop, ốp đẹp, nhìn rất sang. Hợp với mình. cho shop 5*",0,27.77777778,approved,False,54282,PS CASE,,2019-12-09 08:10:01,
43395874,43395875,Ốp lưng da kính cao cấp dành cho iPhone X / iPhone XS - Màu đỏ - Hàng nhập khẩu - DELICATE,https://tiki.vn/op-lung-da-kinh-cao-cap-danh-cho-iphone-x-iphone-xs-mau-do-hang-nhap-khau-delicate-p43395874.html?spid=43395875,search,,Search: Iphone,,,13,4.6,1,13,3179242,15099298,Quang Pham,Quang Pham,,https://lh3.googleusercontent.com/a-/AAuE7mDkiEU4Tl8XZgx2YKUyM5YPRatCsCcgwheTo0wuGw=s80,5,Cực kì hài lòng,"Sản phẩm đẹp như hình, hài lòng",0,27.77777778,approved,False,54282,PS CASE,,2020-03-17 07:50:30,
5418113,5418115,"Ốp lưng dẻo dành cho iPhone XS / iPhone X Ultra Thin (mỏng 0.3mm, Trong suốt) - Hàng chính hãng",https://tiki.vn/op-lung-deo-danh-cho-iphone-xs-iphone-x-ultra-thin-mong-0-3mm-trong-suot-hang-chinh-hang-p5418113.html?spid=5418115,search,,Search: Iphone,,,17,4.5,1,1,19881171,10487820,Tham Le,Tham Le,,https://salt.tikicdn.com/cache/512x512/ts/avatar/b7/b5/6e/584c1cf5ae9b4a24bf9db1eb504b6743.png,5,Cực kì hài lòng,"Đẹp, Thank.",0,38.88888889,approved,True,141107,GuCase,,2024-05-23 22:00:02,
5418113,5418115,"Ốp lưng dẻo dành cho iPhone XS / iPhone X Ultra Thin (mỏng 0.3mm, Trong suốt) - Hàng chính hãng",https://tiki.vn/op-lung-deo-danh-cho-iphone-xs-iphone-x-ultra-thin-mong-0-3mm-trong-suot-hang-chinh-hang-p5418113.html?spid=5418115,search,,Search: Iphone,,,17,4.5,1,2,19566037,18428722,Anhquoc Anhquoc,Anhquoc Anhquoc,,//tiki.vn/assets/img/avatar.png,1,Rất không hài lòng,Tôi trả tiền mua 2 ốp lưng mà chỉ nhận 1 vậy là sao?,0,18.7037037,approved,False,1710,hotphukien,,2023-10-03 10:47:00,
5418113,5418115,"Ốp lưng dẻo dành cho iPhone XS / iPhone X Ultra Thin (mỏng 0.3mm, Trong suốt) - Hàng chính hãng",https://tiki.vn/op-lung-deo-danh-cho-iphone-xs-iphone-x-ultra-thin-mong-0-3mm-trong-suot-hang-chinh-hang-p5418113.html?spid=5418115,search,,Search: Iphone,,,17,4.5,1,4,18930799,16985915,Phan T,Phan T,,https://graph.facebook.com/v3.3/984139521981842/picture?type=large&return_ssl_resources=1,5,Cực kì hài lòng,Đẹp ok,0,27.77777778,approved,False,1710,hotphukien,,2023-03-09 13:11:28,
5418113,5418115,"Ốp lưng dẻo dành cho iPhone XS / iPhone X Ultra Thin (mỏng 0.3mm, Trong suốt) - Hàng chính hãng",https://tiki.vn/op-lung-deo-danh-cho-iphone-xs-iphone-x-ultra-thin-mong-0-3mm-trong-suot-hang-chinh-hang-p5418113.html?spid=5418115,search,,Search: Iphone,,,17,4.5,1,5,17043779,10487820,Tham Le,Tham Le,,https://salt.tikicdn.com/cache/512x512/ts/avatar/b7/b5/6e/584c1cf5ae9b4a24bf9db1eb504b6743.png,5,Cực kì hài lòng,"Đẹp, hài lòng nha shop.",0,33.33333333,approved,True,1710,hotphukien,,2022-07-12 21:14:02,
5418113,5418115,"Ốp lưng dẻo dành cho iPhone XS / iPhone X Ultra Thin (mỏng 0.3mm, Trong suốt) - Hàng chính hãng",https://tiki.vn/op-lung-deo-danh-cho-iphone-xs-iphone-x-ultra-thin-mong-0-3mm-trong-suot-hang-chinh-hang-p5418113.html?spid=5418115,search,,Search: Iphone,,,17,4.5,1,6,17705175,11175399,Tống văn Khoa,Tống văn Khoa,,//tiki.vn/assets/img/avatar.png,1,Rất không hài lòng,Gửi ko đúng sp????!?!!!!!!!,0,27.77777778,approved,False,141107,GuCase,,2022-09-15 22:15:21,
5418113,5418115,"Ốp lưng dẻo dành cho iPhone XS / iPhone X Ultra Thin (mỏng 0.3mm, Trong suốt) - Hàng chính hãng",https://tiki.vn/op-lung-deo-danh-cho-iphone-xs-iphone-x-ultra-thin-mong-0-3mm-trong-suot-hang-chinh-hang-p5418113.html?spid=5418115,search,,Search: Iphone,,,17,4.5,1,10,15761202,9714781,Đông Domik,Đông Domik,,//tiki.vn/assets/img/avatar.png,3,Bình thường,"Giá tốt,abcdefghijklmnopqrs",0,27.77777778,approved,False,172720,Đô rê mon,,2022-04-04 09:50:48,
5418113,5418115,"Ốp lưng dẻo dành cho iPhone XS / iPhone X Ultra Thin (mỏng 0.3mm, Trong suốt) - Hàng chính hãng",https://tiki.vn/op-lung-deo-danh-cho-iphone-xs-iphone-x-ultra-thin-mong-0-3mm-trong-suot-hang-chinh-hang-p5418113.html?spid=5418115,search,,Search: Iphone,,,17,4.5,1,16,5745561,15153528,phung van anh,phung van anh,,//tiki.vn/assets/img/avatar.png,4,Hài lòng,Tôi ưng ý - hàng đẹp giá rẻ,0,6.17283951,approved,False,1710,hotphukien,,2020-11-25 21:59:18,
5418113,5418115,"Ốp lưng dẻo dành cho iPhone XS / iPhone X Ultra Thin (mỏng 0.3mm, Trong suốt) - Hàng chính hãng",https://tiki.vn/op-lung-deo-danh-cho-iphone-xs-iphone-x-ultra-thin-mong-0-3mm-trong-suot-hang-chinh-hang-p5418113.html?spid=5418115,search,,Search: Iphone,,,17,4.5,1,17,3641081,6909744,Kim Ngân,Kim Ngân,,//tiki.vn/assets/img/avatar.png,5,Cực kì hài lòng,"Hàng đẹp, giao cực nhanh.",0,27.77777778,approved,False,1710,hotphukien,,2020-05-26 20:34:07,
5418113,5418115,"Ốp lưng dẻo dành cho iPhone XS / iPhone X Ultra Thin (mỏng 0.3mm, Trong suốt) - Hàng chính hãng",https://tiki.vn/op-lung-deo-danh-cho-iphone-xs-iphone-x-ultra-thin-mong-0-3mm-trong-suot-hang-chinh-hang-p5418113.html?spid=5418115,search,,Search: Iphone,,,17,4.5,1,20,1946013,69427,Anh Nguyen,Anh Nguyen,,//tiki.vn/assets/img/avatar.png,5,Rẻ mà đẹp,"Sản phẩm OK, hoàn thiện tốt, ôm vừa vặn với máy. Tuy nhiên đây là sản phẩm cho iPhone XS nên khe loa 1 bên dài 1 bên ngắn.",7,0.00167407,approved,False,1710,hotphukien,,2018-11-24 13:50:22,
47272512,249389060,Ốp lưng dẻo mỏng dành cho iPhone 11 - Màu đen,https://tiki.vn/op-lung-deo-mong-danh-cho-iphone-11-mau-den-p47272512.html?spid=249389060,search,,Search: Iphone,,,4,4.5,1,1,20247793,22546124,Nhật Tư,Nhật Tư,,//tiki.vn/assets/img/avatar.png,3,Bình thường,"Không giống như hình. Đặt màu đen mà giao màu xanh. Viền không bo tròn, mắt camera không hở như hình. Chất lượng thì tạm, phù hợp giá tiền.",0,22.40740741,approved,True,178422,ATZstore,,2026-07-18 10:51:31,
47272512,249389060,Ốp lưng dẻo mỏng dành cho iPhone 11 - Màu đen,https://tiki.vn/op-lung-deo-mong-danh-cho-iphone-11-mau-den-p47272512.html?spid=249389060,search,,Search: Iphone,,,4,4.5,1,9,15898560,497403,Bùi Văn Dương,Bùi Văn Dương,,https://salt.tikicdn.com/cache/512x512/ts/avatar/cb/e9/f3/fb082a54eb8290ef2e0437d6fc571a5c.png,5,Cực kì hài lòng,"Giao hàng của Tiki đã quá, nhanh hơn cả tự đi mua Ốp vừa vặn, nút bấm tạm ổn Mặt ốp nhám cầm chắc chắn",0,33.33333333,approved,True,54282,PS CASE,,2022-04-13 09:24:49,
47272512,249389060,Ốp lưng dẻo mỏng dành cho iPhone 11 - Màu đen,https://tiki.vn/op-lung-deo-mong-danh-cho-iphone-11-mau-den-p47272512.html?spid=249389060,search,,Search: Iphone,,,4,4.5,1,11,17446670,155141,Nguyễn Tuấn Hải,Nguyễn Tuấn Hải,,//tiki.vn/assets/img/avatar.png,1,Rất không hài lòng,Shop gửi nhầm ốp cỡ to - có lẽ là của Pro Max trong khi mình mua bản dành cho IP11,0,27.77777778,approved,False,54282,Photodesign VN Official ,,2022-08-18 01:01:49,
47272512,249389060,Ốp lưng dẻo mỏng dành cho iPhone 11 - Màu đen,https://tiki.vn/op-lung-deo-mong-danh-cho-iphone-11-mau-den-p47272512.html?spid=249389060,search,,Search: Iphone,,,4,4.5,1,12,18622277,1671257,Hoang Nguyen,Hoang Nguyen,,//tiki.vn/assets/img/avatar.png,5,Cực kì hài lòng,"Ngon trong tầm giá, ngon hơn ốp 500k của spigen",0,27.77777778,approved,False,54282,Photodesign VN Official ,,2023-01-12 09:13:22,
47272512,249389060,Ốp lưng dẻo mỏng dành cho iPhone 11 - Màu đen,https://tiki.vn/op-lung-deo-mong-danh-cho-iphone-11-mau-den-p47272512.html?spid=249389060,search,,Search: Iphone,,,4,4.5,1,19,16013404,12466020,An AN,An AN,,//tiki.vn/assets/img/avatar.png,3,Bình thường,"Hàng này nhựa chất lượng kém, sài tạm 2-3 tháng thì bỏ thôi. (Giá 43k )",0,27.77777778,approved,False,54282,PS CASE,,2022-04-20 14:26:43,
47272512,249389060,Ốp lưng dẻo mỏng dành cho iPhone 11 - Màu đen,https://tiki.vn/op-lung-deo-mong-danh-cho-iphone-11-mau-den-p47272512.html?spid=249389060,search,,Search: Iphone,,,4,4.5,1,20,17627046,13545018,Hiếu Lại Vũ,Hiếu Lại Vũ,,https://lh3.googleusercontent.com/-4otjPZScnIU/AAAAAAAAAAI/AAAAAAAAAD4/QxousISU3oo/photo.jpg,4,Hài lòng,"Chất lượng bình thường, hơi mỏng",0,27.77777778,approved,False,54282,Photodesign VN Official ,,2022-09-08 00:06:35,
47272512,249389060,Ốp lưng dẻo mỏng dành cho iPhone 11 - Màu đen,https://tiki.vn/op-lung-deo-mong-danh-cho-iphone-11-mau-den-p47272512.html?spid=249389060,search,,Search: Iphone,,,4,4.5,2,3,16080559,15571096,NGUYỄN VĂN TỰU,NGUYỄN VĂN TỰU,,https://s120.avatar.talk.zdn.vn/b/a/e/1/1/120/8e3072aaef984462d9d474cba584806e.jpg,5,Cực kì hài lòng,"Đã nhận được hàng, giao hàng nhanh, chất lượng tốt.",0,27.77777778,approved,False,54282,PS CASE,,2022-04-25 12:13:05,
47272512,249389060,Ốp lưng dẻo mỏng dành cho iPhone 11 - Màu đen,https://tiki.vn/op-lung-deo-mong-danh-cho-iphone-11-mau-den-p47272512.html?spid=249389060,search,,Search: Iphone,,,4,4.5,2,11,15952837,20155952,Kim Phu,Kim Phu,,//tiki.vn/assets/img/avatar.png,5,Hài lòng,Hàng ok Chấp nhận được,0,27.77777778,approved,False,54282,PS CASE,,2022-04-16 18:30:22,
47272512,249389060,Ốp lưng dẻo mỏng dành cho iPhone 11 - Màu đen,https://tiki.vn/op-lung-deo-mong-danh-cho-iphone-11-mau-den-p47272512.html?spid=249389060,search,,Search: Iphone,,,4,4.5,2,13,10040153,1033717,Đăng Thư,Đăng Thư,,//tiki.vn/assets/img/avatar.png,5,Cực kì hài lòng,Dùng ổn. Không quá dày. Cầm chắc tay.,0,33.33333333,approved,True,54282,PS CASE,,2021-05-29 21:31:39,
47272512,249389060,Ốp lưng dẻo mỏng dành cho iPhone 11 - Màu đen,https://tiki.vn/op-lung-deo-mong-danh-cho-iphone-11-mau-den-p47272512.html?spid=249389060,search,,Search: Iphone,,,4,4.5,2,15,11367489,9001033,Cang,Cang,,https://s120.avatar.talk.zdn.vn/d/d/2/e/5/120/2ec35ed0bedd221b3db1f98640cc0155.jpg,5,Cực kì hài lòng,"Ốp ôm đt , mỏng đẹp đúng ý nhưng hơi trơn",0,27.77777778,approved,False,54282,PS CASE,,2021-07-22 12:04:19,
47272512,249389060,Ốp lưng dẻo mỏng dành cho iPhone 11 - Màu đen,https://tiki.vn/op-lung-deo-mong-danh-cho-iphone-11-mau-den-p47272512.html?spid=249389060,search,,Search: Iphone,,,4,4.5,2,19,2910425,65354,Chương Phạm,Chương Phạm,,https://salt.tikicdn.com/cache/512x512/ts/avatar/67/9b/7a/7b176393d5350b6d585e962cfe78f377.png,5,"Đẹp, chắn chắn","Chất lượng tốt, khít sắc sảo, cảm giác cầm chắc chắn vừa tay, bảo vệ camera và mặt trước tốt nhờ độ dày phù hợp. Rất hài lòng. Cám ơn shop và Tiki.",0,27.77777778,approved,False,54282,PS CASE,,2020-01-23 11:19:35,
47272512,249389060,Ốp lưng dẻo mỏng dành cho iPhone 11 - Màu đen,https://tiki.vn/op-lung-deo-mong-danh-cho-iphone-11-mau-den-p47272512.html?spid=249389060,search,,Search: Iphone,,,4,4.5,3,3,12476301,1350612,Bảo An,Bảo An,,//tiki.vn/assets/img/avatar.png,5,Cực kì hài lòng,"hàng ngon, bổ, rẻ",0,27.77777778,approved,False,54282,PS CASE,,2021-10-07 10:24:38,
47272512,249389060,Ốp lưng dẻo mỏng dành cho iPhone 11 - Màu đen,https://tiki.vn/op-lung-deo-mong-danh-cho-iphone-11-mau-den-p47272512.html?spid=249389060,search,,Search: Iphone,,,4,4.5,3,4,11133718,22453034,Hồng quân,Hồng quân,,//tiki.vn/assets/img/avatar.png,5,Cực kì hài lòng,Chất lượng cao,0,27.77777778,approved,False,54282,PS CASE,,2021-07-13 16:20:24,
47272512,249389060,Ốp lưng dẻo mỏng dành cho iPhone 11 - Màu đen,https://tiki.vn/op-lung-deo-mong-danh-cho-iphone-11-mau-den-p47272512.html?spid=249389060,search,,Search: Iphone,,,4,4.5,3,5,9223131,14133717,Trần Thị Ngọc Bích,Trần Thị Ngọc Bích,,//tiki.vn/assets/img/avatar.png,1,Rất không hài lòng,"Sp không như hình.........,,.",2,0.0065194,approved,False,54282,PS CASE,,2021-04-21 20:44:01,
47272512,249389060,Ốp lưng dẻo mỏng dành cho iPhone 11 - Màu đen,https://tiki.vn/op-lung-deo-mong-danh-cho-iphone-11-mau-den-p47272512.html?spid=249389060,search,,Search: Iphone,,,4,4.5,3,8,8074526,6167835,Khắc Duy,Khắc Duy,,//tiki.vn/assets/img/avatar.png,5,Cực kì hài lòng,Ôm sát . Hài lòng,0,18.51851852,approved,False,54282,PS CASE,,2021-03-01 10:35:24,
47272512,249389060,Ốp lưng dẻo mỏng dành cho iPhone 11 - Màu đen,https://tiki.vn/op-lung-deo-mong-danh-cho-iphone-11-mau-den-p47272512.html?spid=249389060,search,,Search: Iphone,,,4,4.5,3,9,4623883,5169900,Công Lê,Công Lê,,//tiki.vn/assets/img/avatar.png,5,Cực kì hài lòng,Ốp đẹp lắm nha mn. Nhựa dẻo gắn vào rất khít luôn ý.,0,18.51851852,approved,False,54282,PS CASE,,2020-08-26 14:04:46,
47272512,249389060,Ốp lưng dẻo mỏng dành cho iPhone 11 - Màu đen,https://tiki.vn/op-lung-deo-mong-danh-cho-iphone-11-mau-den-p47272512.html?spid=249389060,search,,Search: Iphone,,,4,4.5,3,11,8141160,12859110,Nguyễn Tiến Dũng ,Nguyễn Tiến Dũng ,,//tiki.vn/assets/img/avatar.png,5,Cực kì hài lòng,Very good,0,6.17283951,approved,False,54282,PS CASE,,2021-03-03 17:56:10,
47272512,249389060,Ốp lưng dẻo mỏng dành cho iPhone 11 - Màu đen,https://tiki.vn/op-lung-deo-mong-danh-cho-iphone-11-mau-den-p47272512.html?spid=249389060,search,,Search: Iphone,,,4,4.5,3,12,2899268,5187057,Ngô Tấn Tài,Ngô Tấn Tài,,//tiki.vn/assets/img/avatar.png,5,"Ốp đẹp, chuẩn như hình","Mới nhận được hàng từ shop, ốp gắn vào rất ôm, dễ tháo lắp, đúng như hình. cho shop 5*",0,27.77777778,approved,False,54282,PS CASE,,2020-01-20 00:25:07,
47272512,249389060,Ốp lưng dẻo mỏng dành cho iPhone 11 - Màu đen,https://tiki.vn/op-lung-deo-mong-danh-cho-iphone-11-mau-den-p47272512.html?spid=249389060,search,,Search: Iphone,,,4,4.5,3,19,2965859,7942907,Nguyen Thanh Phu,Nguyen Thanh Phu,,https://lh5.googleusercontent.com/-JsquAz0kRH8/AAAAAAAAAAI/AAAAAAAAAAA/APUIFaNvxUQ5MEnIhiBs6nm9pRYQjwmhlQ/mo/photo.jpg,5,Rất tốt,Hàng đúng như mô tả. Giao hàng nhanh. Lần sau sẽ ủng hộ,0,13.88888889,approved,False,54282,PS CASE,,2020-02-08 11:38:09,
193974171,193974173,Ví Da Leather Wallet Hít Từ Tính Kai Dành Cho Các Dòng iPhone- Hàng chính hãng,https://tiki.vn/vi-da-leather-wallet-hit-tu-tinh-kai-danh-cho-cac-dong-iphone-hang-chinh-hang-p193974171.html?spid=193974173,search,,Search: Iphone,,,19,4.3,1,1,19958350,12856178,Nguyên Huy Hưng,Nguyên Huy Hưng,,//tiki.vn/assets/img/avatar.png,1,Rất không hài lòng,Quảng cáo trên ảnh thì là made in Korea nhưng gửi hàng lại made in china. Ảnh thì mặt sau không có hình quả táo gửi hàng lại hình quả táo đằng sau chất lượng không giống quảng cáo,0,44.72222222,approved,True,158862,Art H Store,,2024-08-19 14:17:29,
193974171,193974173,Ví Da Leather Wallet Hít Từ Tính Kai Dành Cho Các Dòng iPhone- Hàng chính hãng,https://tiki.vn/vi-da-leather-wallet-hit-tu-tinh-kai-danh-cho-cac-dong-iphone-hang-chinh-hang-p193974171.html?spid=193974173,search,,Search: Iphone,,,19,4.3,1,2,19576430,1379439,BUI DUY TAN,BUI DUY TAN,,//tiki.vn/assets/img/avatar.png,4,Hài lòng,"Cảm giác chất lượng gia công không đồng đều… Đặt 2 cái thì cái màu tím hít chắc hơn màu nâu… mà cái nâu chất lượng gia công cũng kém hơn, hít lỏng lẻo hơn…",1,0.10199653,approved,True,158862,Art H Store,,2023-10-08 15:35:30,
193974171,193974173,Ví Da Leather Wallet Hít Từ Tính Kai Dành Cho Các Dòng iPhone- Hàng chính hãng,https://tiki.vn/vi-da-leather-wallet-hit-tu-tinh-kai-danh-cho-cac-dong-iphone-hang-chinh-hang-p193974171.html?spid=193974173,search,,Search: Iphone,,,19,4.3,1,3,20174133,6401881,Long Nguyen,Long Nguyen,,//tiki.vn/assets/img/avatar.png,5,Cực kì hài lòng,"Giao hàng nhanh, đóng gói cẩn thận. Sản phẩm đúng như thông tin đăng bán.",0,27.77777778,approved,False,158862,Art H Store,,2025-09-25 06:30:29,
193974171,193974173,Ví Da Leather Wallet Hít Từ Tính Kai Dành Cho Các Dòng iPhone- Hàng chính hãng,https://tiki.vn/vi-da-leather-wallet-hit-tu-tinh-kai-danh-cho-cac-dong-iphone-hang-chinh-hang-p193974171.html?spid=193974173,search,,Search: Iphone,,,19,4.3,1,4,20175382,11211145,Nguyễn Cao Minh Dũng,Nguyễn Cao Minh Dũng,,//tiki.vn/assets/img/avatar.png,3,Bình thường,"không nên mua, chấ lượng không đàng giá tiền",0,28.05555556,approved,False,158862,Art H Store,,2025-09-28 17:55:56,
193974171,193974173,Ví Da Leather Wallet Hít Từ Tính Kai Dành Cho Các Dòng iPhone- Hàng chính hãng,https://tiki.vn/vi-da-leather-wallet-hit-tu-tinh-kai-danh-cho-cac-dong-iphone-hang-chinh-hang-p193974171.html?spid=193974173,search,,Search: Iphone,,,19,4.3,1,6,19576419,1379439,BUI DUY TAN,BUI DUY TAN,,//tiki.vn/assets/img/avatar.png,5,Cực kì hài lòng,Ổn trong tầm giá… nhưng hít không chắc như cái lần trước đã mua.. da tốt… gia công đẹp…,1,0.10199653,approved,True,158862,Art H Store,,2023-10-08 15:33:32,
193974171,193974173,Ví Da Leather Wallet Hít Từ Tính Kai Dành Cho Các Dòng iPhone- Hàng chính hãng,https://tiki.vn/vi-da-leather-wallet-hit-tu-tinh-kai-danh-cho-cac-dong-iphone-hang-chinh-hang-p193974171.html?spid=193974173,search,,Search: Iphone,,,19,4.3,1,7,19848757,1132014,Trần Phương Thanh,Trần Phương Thanh,,https://salt.tikicdn.com/cache/512x512/ts/avatar/85/42/ee/92aa658a345b44ee2e180e068bdfc046.png,5,Cực kì hài lòng,"Ốp chất lượng hít tốt, mua shop lần 2 rồi và vẫn hài lòng. Sẽ ủng hộ tiếp",0,33.33333333,approved,True,158862,Art H Store,,2024-04-20 13:04:19,
193974171,193974173,Ví Da Leather Wallet Hít Từ Tính Kai Dành Cho Các Dòng iPhone- Hàng chính hãng,https://tiki.vn/vi-da-leather-wallet-hit-tu-tinh-kai-danh-cho-cac-dong-iphone-hang-chinh-hang-p193974171.html?spid=193974173,search,,Search: Iphone,,,19,4.3,1,13,18237048,6020881,Phú Huỳnh,Phú Huỳnh,,//tiki.vn/assets/img/avatar.png,4,Hài lòng,"Hít hơi yếu, nhưng chấp nhận được, chất liệu da tốt.",1,5.61111111,approved,False,158862,Art H Store,,2022-11-18 14:56:46,
193974171,193974173,Ví Da Leather Wallet Hít Từ Tính Kai Dành Cho Các Dòng iPhone- Hàng chính hãng,https://tiki.vn/vi-da-leather-wallet-hit-tu-tinh-kai-danh-cho-cac-dong-iphone-hang-chinh-hang-p193974171.html?spid=193974173,search,,Search: Iphone,,,19,4.3,1,15,18355377,70584,Nguyen Tuan Phu,Nguyen Tuan Phu,,//tiki.vn/assets/img/avatar.png,1,Rất không hài lòng,"hít quá yếu, ko nên mua vì dán cứ trượt",0,27.77777778,approved,False,158862,Art H Store,,2022-12-06 00:31:14,
193974171,193974173,Ví Da Leather Wallet Hít Từ Tính Kai Dành Cho Các Dòng iPhone- Hàng chính hãng,https://tiki.vn/vi-da-leather-wallet-hit-tu-tinh-kai-danh-cho-cac-dong-iphone-hang-chinh-hang-p193974171.html?spid=193974173,search,,Search: Iphone,,,19,4.3,1,16,18035354,8517286,Quang Minh,Quang Minh,,https://s120.avatar.talk.zdn.vn/0/3/2/3/0/120/5aa7921628a1316481d7645ebc4a512e.jpg,5,Cực kì hài lòng,"Tốt, giao nhanh",2,0.00741146,approved,True,158862,Art H Store,,2022-10-24 14:48:15,
193974171,193974173,Ví Da Leather Wallet Hít Từ Tính Kai Dành Cho Các Dòng iPhone- Hàng chính hãng,https://tiki.vn/vi-da-leather-wallet-hit-tu-tinh-kai-danh-cho-cac-dong-iphone-hang-chinh-hang-p193974171.html?spid=193974173,search,,Search: Iphone,,,19,4.3,1,17,18794618,14061927,Lê Hải Thanh,Lê Hải Thanh,,https://salt.tikicdn.com/cache/256x256/ts/avatar/e2/58/93/a6c5cc6ec5f2f14d5ebdca4f0c11b0e6.png,4,Hài lòng,Tạm,0,27.77777778,approved,False,158862,Art H Store,,2023-02-13 18:08:37,
50702432,86149271,Ốp lưng cho Iphone 11 - 01240 - Ốp dẻo trong - Hàng Chính Hãng,https://tiki.vn/op-lung-cho-iphone-11-01240-op-deo-trong-hang-chinh-hang-p50702432.html?spid=86149271,search,,Search: Iphone,,,12,4.3,1,6,19900177,10224007,Dang Thi Thu Thuy,Dang Thi Thu Thuy,,//tiki.vn/assets/img/avatar.png,5,Cực kì hài lòng,"Ốp đẹp,chắc chắn",0,27.77777778,approved,False,141107,GuCase,,2024-06-12 17:59:16,
50702432,86149271,Ốp lưng cho Iphone 11 - 01240 - Ốp dẻo trong - Hàng Chính Hãng,https://tiki.vn/op-lung-cho-iphone-11-01240-op-deo-trong-hang-chinh-hang-p50702432.html?spid=86149271,search,,Search: Iphone,,,12,4.3,1,9,6284886,1884045,Nguyễn Tấn Cường,Nguyễn Tấn Cường,,//tiki.vn/assets/img/avatar.png,5,Cực kì hài lòng,"Loại này mỏng hơn loại có chống sốc, nhưng nhìn cũng ưng. Bạn nào không thích gân guốc có thể lựa chọn.",0,4.23280423,approved,True,4453,Nettacase,,2020-12-17 16:41:14,
50702432,86149271,Ốp lưng cho Iphone 11 - 01240 - Ốp dẻo trong - Hàng Chính Hãng,https://tiki.vn/op-lung-cho-iphone-11-01240-op-deo-trong-hang-chinh-hang-p50702432.html?spid=86149271,search,,Search: Iphone,,,12,4.3,1,10,18999589,27451072,tran anh tuyet,tran anh tuyet,,//tiki.vn/assets/img/avatar.png,4,Hài lòng,Ốp vưa khit với may,0,27.77777778,approved,False,141107,GuCase,,2023-03-23 14:06:41,
50702432,86149271,Ốp lưng cho Iphone 11 - 01240 - Ốp dẻo trong - Hàng Chính Hãng,https://tiki.vn/op-lung-cho-iphone-11-01240-op-deo-trong-hang-chinh-hang-p50702432.html?spid=86149271,search,,Search: Iphone,,,12,4.3,1,11,15232158,7274301,Truong Le,Truong Le,,//tiki.vn/assets/img/avatar.png,1,Rất không hài lòng,Mua Ốp Lưng Giao Kính Cường Chi Vậy,0,33.33333333,approved,True,141107,GuCase,,2022-03-03 10:34:04,
50702432,86149271,Ốp lưng cho Iphone 11 - 01240 - Ốp dẻo trong - Hàng Chính Hãng,https://tiki.vn/op-lung-cho-iphone-11-01240-op-deo-trong-hang-chinh-hang-p50702432.html?spid=86149271,search,,Search: Iphone,,,12,4.3,1,12,16552994,11468215,Nguyễn Đình Quyến,Nguyễn Đình Quyến,,//tiki.vn/assets/img/avatar.png,3,Bình thường,Chất lượng đi liền với giá trị,0,27.77777778,approved,False,141107,GuCase,,2022-06-02 17:15:22,
50702432,86149271,Ốp lưng cho Iphone 11 - 01240 - Ốp dẻo trong - Hàng Chính Hãng,https://tiki.vn/op-lung-cho-iphone-11-01240-op-deo-trong-hang-chinh-hang-p50702432.html?spid=86149271,search,,Search: Iphone,,,12,4.3,1,13,14703959,1213475,Tường Vân,Tường Vân,,//tiki.vn/assets/img/avatar.png,5,Hài lòng,"Ốp đẹp, vừa vặn, giá tốt, giao hàng nhanh.",0,0.05799119,approved,False,141107,GuCase,,2022-01-26 15:39:36,
50702432,86149271,Ốp lưng cho Iphone 11 - 01240 - Ốp dẻo trong - Hàng Chính Hãng,https://tiki.vn/op-lung-cho-iphone-11-01240-op-deo-trong-hang-chinh-hang-p50702432.html?spid=86149271,search,,Search: Iphone,,,12,4.3,1,15,9921167,641654,Nguyễn  Minh Thư,Nguyễn  Minh Thư,,//tiki.vn/assets/img/avatar.png,5,Cực kì hài lòng,"Giá cả hợp lý, sử dụng OK",0,27.77777778,approved,False,4453,Nettacase,,,
50702432,86149271,Ốp lưng cho Iphone 11 - 01240 - Ốp dẻo trong - Hàng Chính Hãng,https://tiki.vn/op-lung-cho-iphone-11-01240-op-deo-trong-hang-chinh-hang-p50702432.html?spid=86149271,search,,Search: Iphone,,,12,4.3,1,16,7146294,15307438,Nguyễn Hữu Trọng,Nguyễn Hữu Trọng,,https://lh3.googleusercontent.com/a-/AAuE7mAIZNHGiBQcZvZQVza8y_vHedTP7q0uWobCra8QTg=s80,4,Hài lòng,"Sản phẩm ok, shop khá lag cute :)))",0,27.77777778,approved,False,4453,Nettacase,,2021-01-21 23:04:19,
50702432,86149271,Ốp lưng cho Iphone 11 - 01240 - Ốp dẻo trong - Hàng Chính Hãng,https://tiki.vn/op-lung-cho-iphone-11-01240-op-deo-trong-hang-chinh-hang-p50702432.html?spid=86149271,search,,Search: Iphone,,,12,4.3,2,4,6897423,19666994,Đặng thành lâm,Đặng thành lâm,,//tiki.vn/assets/img/avatar.png,3,Bình thường,Ok lắm shop,0,27.77777778,approved,False,4453,Nettacase,,2021-01-12 12:16:18,
103759180,103759194,"Bao da bò non dạng ví hãng Greencase dành cho iPhone 7/8/SE 2020, iPhone 7 Plus/8 Plus - Hàng chính hãng",https://tiki.vn/bao-da-bo-non-dang-vi-hang-greencase-danh-cho-iphone-7-8-se-2020-iphone-7-plus-8-plus-hang-chinh-hang-p103759180.html?spid=103759194,search,,Search: Iphone,,,27,4.0,1,1,19996991,30134389,Pham Thuy,Pham Thuy,,//tiki.vn/assets/img/avatar.png,5,Cực kì hài lòng,Sản phẩm đẹp ưng tôi rất hài lòng về sản phẩm,0,44.44444444,approved,True,178422,ATZstore,,2024-10-04 19:24:38,
103759180,103759194,"Bao da bò non dạng ví hãng Greencase dành cho iPhone 7/8/SE 2020, iPhone 7 Plus/8 Plus - Hàng chính hãng",https://tiki.vn/bao-da-bo-non-dang-vi-hang-greencase-danh-cho-iphone-7-8-se-2020-iphone-7-plus-8-plus-hang-chinh-hang-p103759180.html?spid=103759194,search,,Search: Iphone,,,27,4.0,1,7,19531581,22135771,Lan Phạm ,Lan Phạm ,,//tiki.vn/assets/img/avatar.png,5,Cực kì hài lòng,Hàng chất lượng & đúng như mô tả 👍,0,33.33333333,approved,True,178422,ATZstore,,2023-09-15 16:29:52,
103759180,103759194,"Bao da bò non dạng ví hãng Greencase dành cho iPhone 7/8/SE 2020, iPhone 7 Plus/8 Plus - Hàng chính hãng",https://tiki.vn/bao-da-bo-non-dang-vi-hang-greencase-danh-cho-iphone-7-8-se-2020-iphone-7-plus-8-plus-hang-chinh-hang-p103759180.html?spid=103759194,search,,Search: Iphone,,,27,4.0,1,8,19093817,22135771,Lan Phạm ,Lan Phạm ,,//tiki.vn/assets/img/avatar.png,5,Cực kì hài lòng,"Hàng tốt vừa ý, lần này mua lần thứ 3 cho loại model này",0,33.33333333,approved,True,178422,ATZstore,,2023-04-15 14:16:04,
103759180,103759194,"Bao da bò non dạng ví hãng Greencase dành cho iPhone 7/8/SE 2020, iPhone 7 Plus/8 Plus - Hàng chính hãng",https://tiki.vn/bao-da-bo-non-dang-vi-hang-greencase-danh-cho-iphone-7-8-se-2020-iphone-7-plus-8-plus-hang-chinh-hang-p103759180.html?spid=103759194,search,,Search: Iphone,,,27,4.0,1,9,19017459,8584567,Phạm Hữu Cường,Phạm Hữu Cường,,//tiki.vn/assets/img/avatar.png,3,Bình thường,"sai hàng rồi. Đặt iphone 7,8, iphone se2020, giao iphone 7,8 plus",0,33.33333333,approved,True,178422,ATZstore,,2023-03-27 18:11:32,
103759180,103759194,"Bao da bò non dạng ví hãng Greencase dành cho iPhone 7/8/SE 2020, iPhone 7 Plus/8 Plus - Hàng chính hãng",https://tiki.vn/bao-da-bo-non-dang-vi-hang-greencase-danh-cho-iphone-7-8-se-2020-iphone-7-plus-8-plus-hang-chinh-hang-p103759180.html?spid=103759194,search,,Search: Iphone,,,27,4.0,1,12,12776600,19329048,Le Linh,Le Linh,,//tiki.vn/assets/img/avatar.png,4,Hài lòng,Sản phẩm có mẫu mã đẹp vừa tay cầm nhưng Shop gói hàng đơn giản chưa được đẹp mắt,0,38.88888889,approved,True,178422,ATZstore,,2021-10-23 08:17:56,
103759180,103759194,"Bao da bò non dạng ví hãng Greencase dành cho iPhone 7/8/SE 2020, iPhone 7 Plus/8 Plus - Hàng chính hãng",https://tiki.vn/bao-da-bo-non-dang-vi-hang-greencase-danh-cho-iphone-7-8-se-2020-iphone-7-plus-8-plus-hang-chinh-hang-p103759180.html?spid=103759194,search,,Search: Iphone,,,27,4.0,1,13,12341830,22135771,Lan Phạm ,Lan Phạm ,,//tiki.vn/assets/img/avatar.png,5,Cực kì hài lòng,Mẫu mã đơn giản và các đường may rất kỹ. Hài lòng .Nhân viên giao hàng lịch sự &thân thiện,0,38.88888889,approved,True,178422,ATZstore,,2021-09-27 11:36:11,
103759180,103759194,"Bao da bò non dạng ví hãng Greencase dành cho iPhone 7/8/SE 2020, iPhone 7 Plus/8 Plus - Hàng chính hãng",https://tiki.vn/bao-da-bo-non-dang-vi-hang-greencase-danh-cho-iphone-7-8-se-2020-iphone-7-plus-8-plus-hang-chinh-hang-p103759180.html?spid=103759194,search,,Search: Iphone,,,27,4.0,1,14,13441394,17717522,Le Hiep,Le Hiep,,//tiki.vn/assets/img/avatar.png,1,Rất không hài lòng,"bán hàng *** đảo,quảng cáo bao da vỏ điện thoại iphone 7, nhận hàng không sử dụng được, vứt bỏ.",0,1.1299435,approved,True,178422,ATZstore,,2021-11-26 10:44:16,
103759180,103759194,"Bao da bò non dạng ví hãng Greencase dành cho iPhone 7/8/SE 2020, iPhone 7 Plus/8 Plus - Hàng chính hãng",https://tiki.vn/bao-da-bo-non-dang-vi-hang-greencase-danh-cho-iphone-7-8-se-2020-iphone-7-plus-8-plus-hang-chinh-hang-p103759180.html?spid=103759194,search,,Search: Iphone,,,27,4.0,1,15,17886462,18056431,Long Huynh Kim,Long Huynh Kim,,//tiki.vn/assets/img/avatar.png,2,Không hài lòng,Giao không đúng hàng đã đặt mua của shop,0,27.77777778,approved,False,290830,PhụKiệnKK,,2022-10-06 19:02:22,
103759180,103759194,"Bao da bò non dạng ví hãng Greencase dành cho iPhone 7/8/SE 2020, iPhone 7 Plus/8 Plus - Hàng chính hãng",https://tiki.vn/bao-da-bo-non-dang-vi-hang-greencase-danh-cho-iphone-7-8-se-2020-iphone-7-plus-8-plus-hang-chinh-hang-p103759180.html?spid=103759194,search,,Search: Iphone,,,27,4.0,1,18,13824329,9653711,Nguyễn Thị Thu Huyền,Nguyễn Thị Thu Huyền,,//tiki.vn/assets/img/avatar.png,1,Rất không hài lòng,"Ốp da quá nhỏ, ko đựng vừa đt, yêu cầu đổi trả thì nói gọi cho tiki, haizz",0,27.77777778,approved,False,178422,ATZstore,,2021-12-14 18:10:20,
103759180,103759194,"Bao da bò non dạng ví hãng Greencase dành cho iPhone 7/8/SE 2020, iPhone 7 Plus/8 Plus - Hàng chính hãng",https://tiki.vn/bao-da-bo-non-dang-vi-hang-greencase-danh-cho-iphone-7-8-se-2020-iphone-7-plus-8-plus-hang-chinh-hang-p103759180.html?spid=103759194,search,,Search: Iphone,,,27,4.0,1,19,17619069,584593,Hồ Sỹ  Tuấn,Hồ Sỹ  Tuấn,,//tiki.vn/assets/img/avatar.png,5,Cực kì hài lòng,"Da đẹp, dùng ok",0,27.77777778,approved,False,290830,PhụKiệnKK,,2022-09-07 09:55:15,
103759180,103759194,"Bao da bò non dạng ví hãng Greencase dành cho iPhone 7/8/SE 2020, iPhone 7 Plus/8 Plus - Hàng chính hãng",https://tiki.vn/bao-da-bo-non-dang-vi-hang-greencase-danh-cho-iphone-7-8-se-2020-iphone-7-plus-8-plus-hang-chinh-hang-p103759180.html?spid=103759194,search,,Search: Iphone,,,27,4.0,1,20,12291650,23346374,Đỗ hiền,Đỗ hiền,,//tiki.vn/assets/img/avatar.png,3,Bình thường,"Chưa thật sự nhiệt tình khi khách hàng trao về việc đổi trả, và thanh toán chậm",0,27.77777778,approved,False,178422,ATZstore,,2021-09-23 09:18:58,
103759180,103759194,"Bao da bò non dạng ví hãng Greencase dành cho iPhone 7/8/SE 2020, iPhone 7 Plus/8 Plus - Hàng chính hãng",https://tiki.vn/bao-da-bo-non-dang-vi-hang-greencase-danh-cho-iphone-7-8-se-2020-iphone-7-plus-8-plus-hang-chinh-hang-p103759180.html?spid=103759194,search,,Search: Iphone,,,27,4.0,2,1,15749280,20074240,Nguyễn Thị Diễm Thuỳ,Nguyễn Thị Diễm Thuỳ,,//tiki.vn/assets/img/avatar.png,5,Cực kì hài lòng,Màu sắc rất đẹp,0,27.77777778,approved,False,178422,ATZstore,,2022-04-03 13:59:58,
103759180,103759194,"Bao da bò non dạng ví hãng Greencase dành cho iPhone 7/8/SE 2020, iPhone 7 Plus/8 Plus - Hàng chính hãng",https://tiki.vn/bao-da-bo-non-dang-vi-hang-greencase-danh-cho-iphone-7-8-se-2020-iphone-7-plus-8-plus-hang-chinh-hang-p103759180.html?spid=103759194,search,,Search: Iphone,,,27,4.0,2,2,14834553,14528165,Anh Dung,Anh Dung,,//tiki.vn/assets/img/avatar.png,3,Bình thường,Sản phẩm tốt. Chất da đẹp,0,27.77777778,approved,False,178422,ATZstore,,2022-02-07 23:31:22,
103759180,103759194,"Bao da bò non dạng ví hãng Greencase dành cho iPhone 7/8/SE 2020, iPhone 7 Plus/8 Plus - Hàng chính hãng",https://tiki.vn/bao-da-bo-non-dang-vi-hang-greencase-danh-cho-iphone-7-8-se-2020-iphone-7-plus-8-plus-hang-chinh-hang-p103759180.html?spid=103759194,search,,Search: Iphone,,,27,4.0,2,4,12291640,23346374,Đỗ hiền,Đỗ hiền,,//tiki.vn/assets/img/avatar.png,3,Bình thường,"sử lý đổi trả quá chậm, chát thì trả lời cũng chậm",0,27.77777778,approved,False,178422,ATZstore,,2021-09-23 09:17:42,
103759180,103759194,"Bao da bò non dạng ví hãng Greencase dành cho iPhone 7/8/SE 2020, iPhone 7 Plus/8 Plus - Hàng chính hãng",https://tiki.vn/bao-da-bo-non-dang-vi-hang-greencase-danh-cho-iphone-7-8-se-2020-iphone-7-plus-8-plus-hang-chinh-hang-p103759180.html?spid=103759194,search,,Search: Iphone,,,27,4.0,2,5,12573488,10545369,Lê Duong,Lê Duong,,//tiki.vn/assets/img/avatar.png,1,Rất không hài lòng,Chưa nhận được hàng . Đã đặt cả tháng nay rồi.,0,27.77777778,approved,False,178422,ATZstore,,2021-10-12 16:43:33,
103759180,103759194,"Bao da bò non dạng ví hãng Greencase dành cho iPhone 7/8/SE 2020, iPhone 7 Plus/8 Plus - Hàng chính hãng",https://tiki.vn/bao-da-bo-non-dang-vi-hang-greencase-danh-cho-iphone-7-8-se-2020-iphone-7-plus-8-plus-hang-chinh-hang-p103759180.html?spid=103759194,search,,Search: Iphone,,,27,4.0,2,8,14815548,12354059,Lam VO,Lam VO,,//tiki.vn/assets/img/avatar.png,5,Cực kì hài lòng,tốt,0,27.77777778,approved,False,178422,ATZstore,,2022-02-07 04:57:36,
169935262,181922635,Ốp lưng Usams siêu mỏng khoét từng camera dành cho iPhone 13 - Hàng chính hãng,https://tiki.vn/op-lung-usams-sieu-mong-khoet-tung-camera-danh-cho-iphone-13-p169935262.html?spid=181922635,search,,Search: Iphone,,,1,2.0,1,1,20077684,27212031,Ha Huynh Tô,Ha Huynh Tô,,//tiki.vn/assets/img/avatar.png,2,Không hài lòng,"Giao không đúng sản phẩm , giao sai màu",0,14.02777778,approved,False,141107,GuCase,,2025-02-08 06:37:16,
169935262,181922635,Ốp lưng Usams siêu mỏng khoét từng camera dành cho iPhone 13 - Hàng chính hãng,https://tiki.vn/op-lung-usams-sieu-mong-khoet-tung-camera-danh-cho-iphone-13-p169935262.html?spid=181922635,search,,Search: Iphone,,,1,2.0,1,2,16193279,22405301,Fast Tiki,Fast Tiki,,//tiki.vn/assets/img/avatar.png,3,Bình thường,"Tạm. Không mỏng như kỳ vọng. Ốp cấn, máy không nhét hết vào mà cứ kênh nhẹ. Viền quanh ốp rất khít mỗi lần gỡ ra muốn dục cái máy =]]. Sài 1 ngày r bỏ luôn k sài nữa.",0,27.77777778,approved,False,29784,Nam Long Phu Kien,,2022-05-04 21:29:56,
